Nocif;Hamza;https://i.scdn.co/image/ab67616d0000b273b8d28a4979da5227dd3005c4;https://p.scdn.co/mp3-preview/482fc4257023c5f5d8f054e95c8d322a51b1657b?cid=060054337fc14683a5cd130a6abf488b
Sadio;Hamza;https://i.scdn.co/image/ab67616d0000b273b8d28a4979da5227dd3005c4;https://p.scdn.co/mp3-preview/5768bcc981d7feeb456e7ad451ea7d0e22fec4b8?cid=060054337fc14683a5cd130a6abf488b
Flowers;Miley Cyrus;https://i.scdn.co/image/ab67616d0000b273f429549123dbe8552764ba1d;https://p.scdn.co/mp3-preview/f2857681239dee871da7055d2f725ea6dcd1b4d8?cid=060054337fc14683a5cd130a6abf488b
Free YSL;Hamza;https://i.scdn.co/image/ab67616d0000b273b8d28a4979da5227dd3005c4;https://p.scdn.co/mp3-preview/8e477ca816d2b3a4fa8a7d7ec24730b901ff5894?cid=060054337fc14683a5cd130a6abf488b
Jolie (feat. Ninho);GAULOIS;https://i.scdn.co/image/ab67616d0000b2733c9df4c3afb30980eec2674e;https://p.scdn.co/mp3-preview/b1851306dd4cc00c86943ef38a5428ab913333da?cid=060054337fc14683a5cd130a6abf488b
TOUTE LA JOURNÉE (feat. Tiakola);Zola;https://i.scdn.co/image/ab67616d0000b273525d4ed76e5e9926add4ddf7;https://p.scdn.co/mp3-preview/04794f0da47849336cbf2f0664ff107e2dc18e5c?cid=060054337fc14683a5cd130a6abf488b
Ma Réalité;Hamza;https://i.scdn.co/image/ab67616d0000b273b8d28a4979da5227dd3005c4;https://p.scdn.co/mp3-preview/31d3757198ba2812dc6dc07652ef135baa380c02?cid=060054337fc14683a5cd130a6abf488b
AMBER;Zola;https://i.scdn.co/image/ab67616d0000b273e07f763b3ac17f8a59aaf40d;https://p.scdn.co/mp3-preview/2aeae130e75a9a7fd40cd216d0b0c996f02734d3?cid=060054337fc14683a5cd130a6abf488b
Codéine 19;Hamza;https://i.scdn.co/image/ab67616d0000b273b8d28a4979da5227dd3005c4;https://p.scdn.co/mp3-preview/05ff9550b999e87c7c2acee7b492954cacca3459?cid=060054337fc14683a5cd130a6abf488b
Atasanté Part.2;Hamza;https://i.scdn.co/image/ab67616d0000b273b8d28a4979da5227dd3005c4;https://p.scdn.co/mp3-preview/d592f605921069f4c3b489f27e9d5c8e5897bab3?cid=060054337fc14683a5cd130a6abf488b
Au Bout De La Nuit;Hamza;https://i.scdn.co/image/ab67616d0000b273b8d28a4979da5227dd3005c4;https://p.scdn.co/mp3-preview/977d958c87448570f28457ced6d9b43409f99d4d?cid=060054337fc14683a5cd130a6abf488b
Baby;Aya Nakamura;https://i.scdn.co/image/ab67616d0000b27342093925d784c0ef5e6f3705;https://p.scdn.co/mp3-preview/ddd0c655a7160f9d4fc1ac1fe3d61bab5c8b245e?cid=060054337fc14683a5cd130a6abf488b
Introduction;Hamza;https://i.scdn.co/image/ab67616d0000b273b8d28a4979da5227dd3005c4;https://p.scdn.co/mp3-preview/0125fa934421795a138cc7de164581e2fce9957c?cid=060054337fc14683a5cd130a6abf488b
Tsunami;Hamza;https://i.scdn.co/image/ab67616d0000b273b8d28a4979da5227dd3005c4;https://p.scdn.co/mp3-preview/7b8ba544e67693532b10b34d3a7bcfd2b032dd6e?cid=060054337fc14683a5cd130a6abf488b
Only U;Hamza;https://i.scdn.co/image/ab67616d0000b273b8d28a4979da5227dd3005c4;https://p.scdn.co/mp3-preview/27826f70d2348096965b9d1bf4a8e787563292cf?cid=060054337fc14683a5cd130a6abf488b
DIE;Gazo;https://i.scdn.co/image/ab67616d0000b273765b01901c10003211f8554d;https://p.scdn.co/mp3-preview/5a7f429c5ee57e322d2d7dc431d4cb9b72fb184b?cid=060054337fc14683a5cd130a6abf488b
Maybach;Landy;https://i.scdn.co/image/ab67616d0000b27302a728700ca075238c46a3c3;https://p.scdn.co/mp3-preview/b401b5c064b971ca5c1a06c0650e3cbea23eced0?cid=060054337fc14683a5cd130a6abf488b
Creepin' (with The Weeknd & 21 Savage);Metro Boomin;https://i.scdn.co/image/ab67616d0000b27313e54d6687e65678d60466c2;null
Nasa;Hamza;https://i.scdn.co/image/ab67616d0000b273b8d28a4979da5227dd3005c4;https://p.scdn.co/mp3-preview/d4cc25d6343261309b3e41088fbdbe60f81f9920?cid=060054337fc14683a5cd130a6abf488b
Cocoro;Hamza;https://i.scdn.co/image/ab67616d0000b273b8d28a4979da5227dd3005c4;https://p.scdn.co/mp3-preview/e6c4279ac951e136792fc59efbe25064252b2ec7?cid=060054337fc14683a5cd130a6abf488b
3 singes;Werenoi;https://i.scdn.co/image/ab67616d0000b27311b232781481f23f659ba798;https://p.scdn.co/mp3-preview/701108de6504a561ccb2c191fb3d3a44affbcfb2?cid=060054337fc14683a5cd130a6abf488b
Mr. Ocho;SDM;https://i.scdn.co/image/ab67616d0000b273455e89dbf3ce2e6d337be1d0;null
Murder;Hamza;https://i.scdn.co/image/ab67616d0000b273b8d28a4979da5227dd3005c4;https://p.scdn.co/mp3-preview/393a355925d562314b62e3d03ed602605701fe23?cid=060054337fc14683a5cd130a6abf488b
THE LONELIEST;Måneskin;https://i.scdn.co/image/ab67616d0000b273c1b211b5fcdef31be5f806df;https://p.scdn.co/mp3-preview/454cbcb61adf0e29f486700db2160a8d0e417471?cid=060054337fc14683a5cd130a6abf488b
WWE;Hamza;https://i.scdn.co/image/ab67616d0000b273b8d28a4979da5227dd3005c4;https://p.scdn.co/mp3-preview/ab7e6098a749679931c1e38270cbb42387e8b3e9?cid=060054337fc14683a5cd130a6abf488b
Plus Jamais La Même;Hamza;https://i.scdn.co/image/ab67616d0000b273b8d28a4979da5227dd3005c4;https://p.scdn.co/mp3-preview/6e4767b9ee71dc1260af07a00a056c87e14e5830?cid=060054337fc14683a5cd130a6abf488b
Meuda;Tiakola;https://i.scdn.co/image/ab67616d0000b2731bbc72ff946f55d4d3188062;https://p.scdn.co/mp3-preview/2b279efca294521ba3ef405ec0d7a327b9d6b9ba?cid=060054337fc14683a5cd130a6abf488b
La Force Tranquille;Djadja & Dinaz;https://i.scdn.co/image/ab67616d0000b27386d94c4dd7ad22e6c4fd4c59;https://p.scdn.co/mp3-preview/33a273de9e92ec1270893af86d438b7fde6d498c?cid=060054337fc14683a5cd130a6abf488b
STAR WALKIN' (League of Legends Worlds Anthem);Lil Nas X;https://i.scdn.co/image/ab67616d0000b27304cd9a1664fb4539a55643fe;https://p.scdn.co/mp3-preview/b805e6e6444a9fe5eff4d2d2065fdb40aa3e099d?cid=060054337fc14683a5cd130a6abf488b
I'm Good (Blue);David Guetta;https://i.scdn.co/image/ab67616d0000b273933c036cd61cd40d3f17a9c4;https://p.scdn.co/mp3-preview/4fd1cf30a4ffa2305cc7fd7001af541b9815d54a?cid=060054337fc14683a5cd130a6abf488b
I Love U;Hamza;https://i.scdn.co/image/ab67616d0000b273b8d28a4979da5227dd3005c4;https://p.scdn.co/mp3-preview/c79524060f539fc19c178fc3d68ff5b6db770036?cid=060054337fc14683a5cd130a6abf488b
FLEURS (feat. Tiakola);Gazo;https://i.scdn.co/image/ab67616d0000b273765b01901c10003211f8554d;https://p.scdn.co/mp3-preview/1856d7ec3ea9fb2be431d953cf2ffdb3a455a81e?cid=060054337fc14683a5cd130a6abf488b
Urus;Favé;https://i.scdn.co/image/ab67616d0000b273583586e9318379d1add68cfe;https://p.scdn.co/mp3-preview/f81abbe8d0c57f8bc4a99ba650fc94f5e99187d6?cid=060054337fc14683a5cd130a6abf488b
Galactic;Maes;https://i.scdn.co/image/ab67616d0000b2739188ecd54ad4809b54e60cb4;null
Fetty Wap;Maes;https://i.scdn.co/image/ab67616d0000b273092600fab449ea0cfa04cccd;null
Miss You;Oliver Tree;https://i.scdn.co/image/ab67616d0000b2735b1bff1152ef6d402c9b75a8;https://p.scdn.co/mp3-preview/50ca5af50bddbed8fbcca81fa928dd8c91afa38a?cid=060054337fc14683a5cd130a6abf488b
Qui sait ? (feat. ElGrandeToto);Niro;https://i.scdn.co/image/ab67616d0000b2739d3e820b3bd7305215657906;https://p.scdn.co/mp3-preview/7f3dff9cb3cb75ad577eb0e8ac8200322658ccf4?cid=060054337fc14683a5cd130a6abf488b
Bolide allemand;SDM;https://i.scdn.co/image/ab67616d0000b273455e89dbf3ce2e6d337be1d0;null
Decrescendo;Lomepal;https://i.scdn.co/image/ab67616d0000b273f3b4ab85fc00ae35007eb7d0;https://p.scdn.co/mp3-preview/d059b060e95b86e2a0b2dcc02f97f2d6f2bb4c05?cid=060054337fc14683a5cd130a6abf488b
Unholy (feat. Kim Petras);Sam Smith;https://i.scdn.co/image/ab67616d0000b273fc3ff54493fcc890bcaa036c;null
LET GO;Central Cee;https://i.scdn.co/image/ab67616d0000b273cbb3701743a568e7f1c4e967;https://p.scdn.co/mp3-preview/6160a92484c8de40c1ba1830fb49cd2acefc1e9e?cid=060054337fc14683a5cd130a6abf488b
Lola;RK;https://i.scdn.co/image/ab67616d0000b2736d81b7056b0aa3978c341b0e;null
Secret;Louane;https://i.scdn.co/image/ab67616d0000b2736ddad5ffc62722ceecacd18a;null
Sincèrement;Hamza;https://i.scdn.co/image/ab67616d0000b273b8d28a4979da5227dd3005c4;https://p.scdn.co/mp3-preview/f2b61559a224f9a4ef56357060c3bd1291e1c806?cid=060054337fc14683a5cd130a6abf488b
Cadeau (feat. Tiakola);Aya Nakamura;https://i.scdn.co/image/ab67616d0000b27342093925d784c0ef5e6f3705;https://p.scdn.co/mp3-preview/e0e948d02ed63a12f1b0dd21f55e742c093b457c?cid=060054337fc14683a5cd130a6abf488b
Tiki Taka;Vacra;https://i.scdn.co/image/ab67616d0000b27328a2f8c2d3f7cd0b6f9bbf97;null
CP_009_ Évidemment;Orelsan;https://i.scdn.co/image/ab67616d0000b2732724364cd86bb791926b6cc8;https://p.scdn.co/mp3-preview/398e0c8222950d4d375c75d6cca46b257dc4dc25?cid=060054337fc14683a5cd130a6abf488b
Un jour je marierai un ange;Pierre de Maere;https://i.scdn.co/image/ab67616d0000b2732253de37a742b8f65c8d5d2e;https://p.scdn.co/mp3-preview/825e33a6b700d0477ffd583d06a63c0731c950b4?cid=060054337fc14683a5cd130a6abf488b
Opaque;Maes;https://i.scdn.co/image/ab67616d0000b273133c0c356b3b40066ec807b8;null
Lift Me Up - From Black Panther: Wakanda Forever - Music From and Inspired By;Rihanna;https://i.scdn.co/image/ab67616d0000b273992a1f56ac5382848277cff2;null
